Workbook

Sheet Summary
A1: 2101 - Accrued Expenses - Usage Accrual 2026.09
A2: SYNTHETIC DEMO DATA. Honestly Just Spreadsheets, Inc. is a fictional company.
A4: Company | B4: Honestly Just Spreadsheets, Inc.
A5: Period | B5: September 2026
A6: Purpose | B6: Accrue September usage for vendors that bill in arrears, so expense lands in the month it was incurred.
A7: Policy | B7: handbook/accounting-policies.md, Accruals: accrue unbilled expenses over $2,500; reverse on the first day of the next month.
A8: Skill | B8: skills/usage-accrual/
A9: Result | B9: ="Accrue $"&TEXT(JE!E9,"#,##0.00")&" across 2 vendors, reversing 2026-10-01." -> Accrue $30,180.50 across 2 vendors, reversing 2026-10-01.
A11: Sources
A12: Input | B12: Source
A13: Stratus Cloud usage | B13: Vendor billing page export, stratus-usage-2026-09.csv, 2026-09-01 to 2026-09-30
A14: Lattice Inference usage | B14: Vendor billing page export, lattice-usage-2026-09.csv, 2026-09-01 to 2026-09-30
A15: Contract rates | B15: Order forms and pricing pages, see Calculation tab
A16: Invoices received | B16: QuickBooks bills, checked 2026-10-03: none for September usage
A18: Checks before handoff
A19: Check | B19: Result
A20: 1. Balanced | B20: =JE!D10 -> BALANCED
A21: 2. Ties to calculation | B21: =IF(ROUND(JE!E9-Calculation!C19,2)=0,"PASS","FAIL") -> PASS
A22: 3. Reversal date set | B22: =IF(JE!B5=DATE(2026,10,1),"PASS","FAIL") -> PASS
A23: 4. Reasonable vs. last month | B23: ='Prior Period'!F13 -> Over threshold: explain by vendor (done above)
A24: 5. Accounts valid | B24: Checked against the QuickBooks account list, 2026-10-03
A26: Sign-off
A27: Prepared by | B27: Claude (run by [name]) on [date]
A28: Reviewed and approved by | B28: ______________________ Date: __________
B29: Requires approval by someone other than the preparer, per handbook/company-overview.md.
A31: Legend
A32: Blue text | B32: Inputs from a source document or export. Yellow fill = contract rates to update when contracts change.
A33: Black text | B33: Formulas on the same tab.
A34: Green text | B34: Links to another tab.

Sheet Source Data
A1: Source Data: usage exports as downloaded (never edited)
A2: SYNTHETIC DEMO DATA. Vendors and figures are fictional.
A4: Vendor | B4: Environment | C4: Metric | D4: Unit | E4: Period start | F4: Period end | G4: Quantity | H4: Export file
A5: Stratus Cloud | B5: production | C5: Compute | D5: compute-hours | E5: 46266 | F5: 46295 | G5: 182400 | H5: stratus-usage-2026-09.csv
A6: Stratus Cloud | B6: staging | C6: Compute | D6: compute-hours | E6: 46266 | F6: 46295 | G6: 41200 | H6: stratus-usage-2026-09.csv
A7: Stratus Cloud | B7: production | C7: Storage | D7: TB-month | E7: 46266 | F7: 46295 | G7: 36.5 | H7: stratus-usage-2026-09.csv
A8: Lattice Inference | B8: production | C8: API requests | D8: thousand requests | E8: 46266 | F8: 46295 | G8: 9640 | H8: lattice-usage-2026-09.csv
A10: Invoices already received for September usage: none (checked QuickBooks bills, 2026-10-03).

Sheet Calculation
A1: Calculation: usage x contract rate
A2: SYNTHETIC DEMO DATA. Blue = input, black = formula, green = link to another tab.
A4: Contract rates (inputs)
A5: Rate | B5: Value | C5: Unit | D5: Source
A6: Stratus Cloud compute | B6: 0.085 | C6: $ per compute-hour | D6: Stratus order form, signed 2026-01-15
A7: Stratus Cloud storage | B7: 21 | C7: $ per TB-month | D7: Stratus order form, signed 2026-01-15
A8: Lattice Inference tier 1 rate | B8: 1.2 | C8: $ per thousand requests | D8: Lattice pricing, first 5,000k requests per month
A9: Lattice Inference tier 1 ceiling | B9: 5000 | C9: thousand requests | D9: Lattice pricing
A10: Lattice Inference tier 2 rate | B10: 0.95 | C10: $ per thousand requests | D10: Lattice pricing, above 5,000k requests
A13: Accrual by line
A14: Line | B14: Quantity | C14: Amount | D14: GL account | E14: Class
A15: Stratus Cloud compute, production | B15: ='Source Data'!G5 -> 182400 | C15: =B15*$B$6 -> 15504 | D15: 5100 Hosting | E15: COGS
A16: Stratus Cloud compute, staging | B16: ='Source Data'!G6 -> 41200 | C16: =B16*$B$6 -> 3502 | D16: 6420 Software & Tools | E16: R&D
A17: Stratus Cloud storage, production | B17: ='Source Data'!G7 -> 36.5 | C17: =B17*$B$7 -> 766.5 | D17: 5100 Hosting | E17: COGS
A18: Lattice Inference API, production | B18: ='Source Data'!G8 -> 9640 | C18: =MIN(B18,$B$9)*$B$8+MAX(B18-$B$9,0)*$B$10 -> 10408 | D18: 5110 AI Inference | E18: COGS
A19: Total accrual | C19: =SUM(C15:C18) -> 30180.5

Sheet JE
A1: QuickBooks Online Journal Entry: Usage Accrual 2026.09
A2: SYNTHETIC DEMO DATA. Reversing accrual: post date = period end, reversal date = first day of next month.
A4: Post date | B4: Reversal date | C4: Account | D4: Debit | E4: Credit | F4: Memo | G4: Class
A5: 46295 | B5: 46296 | C5: 5100 Hosting | D5: =Calculation!C15+Calculation!C17 -> 16270.5 | F5: Usage Accrual - Stratus Cloud - 2026.09 | G5: COGS
A6: 46295 | B6: 46296 | C6: 6420 Software & Tools | D6: =Calculation!C16 -> 3502 | F6: Usage Accrual - Stratus Cloud (staging) - 2026.09 | G6: R&D
A7: 46295 | B7: 46296 | C7: 5110 AI Inference | D7: =Calculation!C18 -> 10408 | F7: Usage Accrual - Lattice Inference - 2026.09 | G7: COGS
A8: 46295 | B8: 46296 | C8: 2101 Accrued Expenses | E8: =Calculation!C19 -> 30180.5 | F8: Usage Accrual - 2026.09
C9: Total | D9: =SUM(D5:D8) -> 30180.5 | E9: =SUM(E5:E8) -> 30180.5
C10: Check | D10: =IF(ROUND(D9-E9,2)=0,"BALANCED","OUT OF BALANCE") -> BALANCED
A12: Prepared by: Claude (run by [name]) on [date]. Requires approval by someone other than the preparer, per the handbook.

Sheet Prior Period
A1: Prior Period: last month's true-up and month-over-month change
A2: SYNTHETIC DEMO DATA.
A4: 1. August accrual vs. the invoice that replaced it
A5: Vendor | B5: Aug accrual | C5: Aug invoice | D5: Difference | E5: Difference % | F5: Comment
A6: Stratus Cloud | B6: 17950 | C6: 18212.4 | D6: =C6-B6 -> 262.4 | E6: =IF(B6=0,0,D6/B6) -> 0.014618384 | F6: Under the flux threshold. Storage rate rounding; no change to the method.
A9: 2. September vs. August, by vendor
A10: Vendor | B10: Sep accrual | C10: Aug accrual | D10: Change | E10: Change % | F10: Explanation
A11: Stratus Cloud | B11: =Calculation!C15+Calculation!C16+Calculation!C17 -> 19772.5 | C11: =B6 -> 17950 | D11: =B11-C11 -> 1822.5 | E11: =IF(C11=0,0,D11/C11) -> 0.10153203 | F11: Under the threshold ($5,000 and 10%). Cloud credits ran out in August, so a step-up was expected.
A12: Lattice Inference | B12: =Calculation!C18 -> 10408 | C12: 0 | D12: =B12-C12 -> 10408 | E12: =IF(C12=0,0,D12/C12) -> 0 | F12: New vendor. AI features launched in September 2026. Over the threshold; explained.
A13: Total | B13: =SUM(B11:B12) -> 30180.5 | C13: =SUM(C11:C12) -> 17950 | D13: =B13-C13 -> 12230.5 | E13: =IF(C13=0,0,D13/C13) -> 0.6813649 | F13: =IF(AND(ABS(D13)>5000,ABS(D13)>0.1*C13),"Over threshold: explain by vendor (done above)","Under threshold") -> Over threshold: explain by vendor (done above)
A15: Flux threshold from handbook/close-process.md: more than $5,000 and 10% month over month.
